[
    {
        "name": "Eggplant Parmesan",
        "featured": false,
        "image" : "eggplant parmesan",
        "description": "Baked eggplant with bread crumbs and lots of cheese. Delicious!",
        "prepTime": "25 minutes",
        "cookTime": "35 minutes",
        "totalTime": "1 hour",
        "servings": 10,
        "ingredients": [
            "3 Eggplant, peeled and thinly sliced",
            "3 Large eggs",
            "4 cups Italian seasoned bread crumbs",
            "6 cups Spaghetti sauce",
            "2 cups Mozarella cheese, shredded",
            "1/2 cup Parmesan cheese, grated",
            "1/2 teaspoon Dried basil"
        ],
        "directions": [
            "Preheat oven to 350 degrees F (175 degrees C).",
            "Dip eggplant slices in egg, then in bread crumbs. Place in a single layer on a baking sheet. Bake in preheated oven for 5 minutes on each side.",
            "In a 9x13 inch baking dish spread spaghetti sauce to cover the bottom. Place a layer of eggplant slices in the sauce. Sprinkle with mozzarella and Parmesan cheeses. Repeat with remaining ingredients, ending with the cheeses. Sprinkle basil on top.",
            "Bake in preheated oven for 35 minutes, or until golden brown."
        ]
    },
    {
        "name": "Lasagna",
        "featured": false,
        "image" : "lasagna",
        "description": "Layers of goodness in this cheesy delight.",
        "prepTime": "30 minutes",
        "cookTime": "2 hours 30 minutes",
        "totalTime": "3 hours",
        "servings": 12,
        "highlights": [
            "Cheesy",
            "Oven meal"
        ],
        "ingredients": [
            "1 pound Italian Sausage",
            "3/4 pound Ground beef",
            "1/2 cup Diced onion",
            "2 cloves Garlic",
            "28 ounce Crushed tomatoes",
            "12 ounce Tomato paste",
            "13 ounce Tomato sauce",
            "2 cups Water",
            "2 tablespoon White sugar",
            "2/3 tablespoon Dried basil leaves",
            "1/2 teaspoon Fennel seeds",
            "1 teaspoon Italian seasoning",
            "2 teaspoon Salt",
            "1/4 teaspoon Black pepper",
            "4 tablespoon Fresh parsley, chopped",
            "12 Lasagna noodles",
            "16 ounce Ricotta cheese",
            "1 Egg",
            "3/4 pound Mozarella cheese",
            "3/4 cup Parmesan cheese"
        ],
        "directions": [
            "In a Dutch oven, cook sausage, ground beef, onion, and garlic over medium heat until well browned. Stir in crushed tomatoes, tomato paste, tomato sauce, and water. Season with sugar, basil, fennel seeds, Italian seasoning, 1 teaspoon salt, pepper, and 2 tablespoons parsley. Simmer, covered, for about 1 1/2 hours, stirring occasionally.",
            "Bring a large pot of lightly salted water to a boil. Cook lasagna noodles in boiling water for 8 to 10 minutes. Drain noodles, and rinse with cold water. In a mixing bowl, combine ricotta cheese with egg, remaining parsley, and 1/2 teaspoon salt.",
            "Preheat oven to 375 degrees F (190 degrees C).",
            "To assemble, spread 1 1/2 cups of meat sauce in the bottom of a 9x13 inch baking dish. Arrange 6 noodles lengthwise over meat sauce. Spread with one half of the ricotta cheese mixture. Top with a third of mozzarella cheese slices. Spoon 1 1/2 cups meat sauce over mozzarella, and sprinkle with 1/4 cup Parmesan cheese. Repeat layers, and top with remaining mozzarella and Parmesan cheese. Cover with foil: to prevent sticking, either spray foil with cooking spray, or make sure the foil does not touch the cheese.",
            "Bake in preheated oven for 25 minutes. Remove foil, and bake an additional 25 minutes. Cool for 15 minutes before serving."
        ]
    },
    {
        "name": "Pad Thai",
        "featured": true,
        "image" : "pad thai",
        "description": "A delicious noodle dish!",
        "prepTime": "15 minutes",
        "cookTime": "15 minutes",
        "totalTime": "30 minutes",
        "servings": 4,
        "highlights": [
            "Spicy",
            "Fast",
            "Make it your own"
        ],
        "ingredients": [
            "8 ounce Flat rice noodles",
            "3 tablespoon Fish sauce",
            "1/4 cup Fresh lime juice",
            "1 tablespoon White sugar",
            "2 tablespoon Oyster sauce",
            "1 1/2 tablespoon Asian chile pepper sauce",
            "1/4 cup Chicken stock",
            "1/4 cup Vegetable oil",
            "1 tablespoon Chopped garlic",
            "8 ounce Medium shrimp",
            "8 ounce Boneless, skinless chicken breast, cubed",
            "2 Large eggs, beaten",
            "3 cup Bean sprouts",
            "6 Green onions, chopped",
            "2 tablespoon Unsalted, roasted peanuts, chopped",
            "1/4 cup Fresh cilantro, chopped",
            "8 Lime wedges"
        ],
        "directions": [
            "Fill a large bowl with hot tap water and place the noodles in it to soak for 20 minutes.",
            "In a small bowl, stir together the fish sauce, lime juice, sugar, oyster sauce, 2 teaspoons of the chile sauce and chicken stock. Set aside.",
            "Heat a wok or large skillet over high heat and add vegetable oil. When the oil is hot, stir in garlic and cook for about 10 seconds. Add shrimp and chicken; cook, stirring constantly until shrimp is opaque and chicken is cooked through, 5 to 7 minutes.",
            "Move everything in the wok out to the sides and pour the eggs in the center. Cook and stir the eggs until firm. Add the noodles to the wok and pour in the sauce. Cook, stirring constantly, until the noodles are tender. Add a bit more water if needed to finish cooking the noodles. Stir in 3 cups of bean sprouts and green onions. Remove from the heat and garnish with chopped peanuts. Taste for seasoning, adjusting the spice or lime juice if needed.",
            "Serve garnished with fresh cilantro and remaining bean sprouts and lime wedges on the side."
        ]
    },
    {
        "name": "Monterey Chicken",
        "featured": true,
        "image" : "monterey chicken",
        "description": "Classic Monterey Chicken, worth the time!",
        "prepTime": "45 minutes",
        "cookTime": "15 minutes",
        "totalTime": "1 hour",
        "servings": 4,
        "highlights": [
            "Melt in your mouth",
            "Gluten free"
        ],
        "ingredients": [
            "4 half Skinless, boneless chicken breast",
            "1 cup Teriyaki marinade sauce",
            "1/2 pound Bacon",
            "2 tablespoon Butter",
            "1 Onion, cut into long slices",
            "8 ounce Fresh mushrooms, coarsely chopped",
            "4 slice Mozarella cheese"
        ],
        "directions": [
            "To Marinate: Place chicken in a nonporous glass dish or bowl. Pour marinade over chicken and toss to coat. Cover and refrigerate to marinate for 1 to 2 hours.",
            "Preheat oven to 350 degrees F (175 degrees C).",
            "Place chicken in a 9x13 inch baking dish and bake preheated oven for 20 to 30 minutes, or until cooked through and juices run clear. Meanwhile, place bacon in a large, deep skillet. Cook over medium high heat until evenly brown. Drain and set aside.",
            "In same skillet, melt butter over medium high heat. Saute onion, bell pepper and mushrooms for about 3 to 5 minutes. Add remaining 1/3 cup of marinade and simmer until soft. Drain and set onion mixture aside.",
            "Top baked chicken with bacon strips. Add onion mixture and top each breast with a slice of cheese. Bake for another 10 to 15 minutes, or until cheese is melted and bubbly."
        ]
    },
    {
        "name": "Twice-baked potatoes",
        "featured": false,
        "image" : "baked potato",
        "description": "A fantastic starchy side.",
        "prepTime": "30 minutes",
        "cookTime": "1 hour 30 minutes",
        "totalTime": "2 hours",
        "servings": 4,
        "highlights": [
            "Comfort food",
            "Filling"
        ],
        "ingredients": [
            "4 Russet potatoes",
            "2 teaspoon Vegetable oil",
            "3 tablespoon Butter",
            "1 tablespoon Green onion, minced",
            "Salt and pepper to taste",
            "1 pinch Cayenne pepper",
            "2 cups Cheddar cheese, shredded",
            "1/2 cup Heavy cream",
            "1 Egg yolk",
            "1 tablespoon Butter, melted",
            "1 teaspoon Paprika"
        ],
        "directions": [
            "Preheat oven to 400 degrees F (200 degrees C). Line a baking sheet with aluminum foil.",
            "Rub potatoes with vegetable oil and place on the prepared baking sheet.",
            "Bake in the preheated oven until a paring knife easily inserts into the center of a potato, about 1 hour. Set aside to cool until easy to handle, about 10 minutes.",
            "Cut 1/3 off each potato lengthwise. Scoop flesh from each potato to within about 1/8-inch of the skins. Transfer flesh to a bowl.",
            "Combine potato flesh with butter and green onion; stir until butter is melted evenly into potato. Add salt, black pepper, cayenne pepper, and cheese; stir until cheese is melted. Pour cream and egg yolk into potato mixture; mix to combine. Season with salt to taste.",
            "Place small piece of potato skin inside the bottom of each larger potato shell. Fill each potato with an equal amount of cheese mixture. Gently press the surface of the filling with a fork to create texture. Brush tops with melted butter and sprinkle with paprika.",
            "Bake stuffed potatoes until golden brown on top, 20 to 30 minutes."
        ]
    }
]
